"","x"
"1","achim"
"2","kessler"
"3","post"
"4","agnieszka"
"5","brugger"
"6","albert"
"7","rupprecht"
"8","stegemann"
"9","weiler"
"10","albrecht"
"11","glaser"
"12","alexander"
"13","dobrindt"
"14","gauland"
"15","graf"
"16","lambsdorff"
"17","hoffmann"
"18","krauß"
"19","kulitz"
"20","müller"
"21","radwan"
"22","s."
"23","neu"
"24","throm"
"25","ulrich"
"26","alice"
"27","weidel"
"28","alois"
"29","gerig"
"30","karl"
"31","rainer"
"32","amira"
"33","mohamed"
"34","ali"
"35","andré"
"36","berghegger"
"37","hahn"
"38","andrea"
"39","lindholz"
"40","nahles"
"41","andreas"
"42","bleck"
"43","jung"
"44","lämmel"
"45","lenz"
"46","mattfeldt"
"47","mrosek"
"48","nick"
"49","rimkus"
"50","scheuer"
"51","schwarz"
"52","steier"
"53","wagner"
"54","andrej"
"55","hunko"
"56","andrew"
"57","ullmann"
"58","anette"
"59","kramme"
"60","angela"
"61","merkel"
"62","angelika"
"63","glöckner"
"64","anita"
"65","schäfer"
"66","anja"
"67","hajduk"
"68","karliczek"
"69","weisgerber"
"70","anke"
"71","domscheit-berg"
"72","anna"
"73","christmann"
"74","annalena"
"75","baerbock"
"76","annette"
"77","widmann-mauz"
"78","ansgar"
"79","heveling"
"80","antje"
"81","lezius"
"82","tillmann"
"83","anton"
"84","friesen"
"85","hofreiter"
"86","armin"
"87","paul"
"88","hampel"
"89","schuster"
"90","arno"
"91","klare"
"92","arnold"
"93","vaatz"
"94","artur"
"95","auernhammer"
"96","astrid"
"97","damerow"
"98","freudenstein"
"99","grotelüschen"
"100","mannes"
"101","axel"
"102","eduard"
"103","fischer"
"104","gehrke"
"105","knoerig"
"106","aydan"
"107","özoguz"
"108","barbara"
"109","hendricks"
"110","bärbel"
"111","bas"
"112","kofler"
"113","beate"
"114","müller-gemmeke"
"115","walter-rosenheimer"
"116","beatrix"
"117","von"
"118","storch"
"119","benjamin"
"120","strasser"
"121","berengar"
"122","elsner"
"123","gronow"
"124","bernd"
"125","baumann"
"126","buchholz"
"127","reuther"
"128","riexinger"
"129","rützel"
"130","westphal"
"131","bernhard"
"132","daldrup"
"133","loos"
"134","bettina"
"135","hagedorn"
"136","stark-watzinger"
"137","wiesmann"
"138","bijan"
"139","djir-sarai"
"140","birgit"
"141","malsack-winkemann"
"142","birke"
"143","bull-bischoff"
"144","björn"
"145","simon"
"146","brigitte"
"147","freihold"
"148","britta"
"149","dassler"
"150","haßelmann"
"151","bruno"
"152","hollnagel"
"153","burkhard"
"154","lischka"
"155","canan"
"156","bayram"
"157","cansel"
"158","kiziltepe"
"159","caren"
"160","lay"
"161","marks"
"162","carina"
"163","konrad"
"164","carl-julius"
"165","cronenberg"
"166","carola"
"167","reimann"
"168","carsten"
"169","brodesser"
"170","körber"
"171","linnemann"
"172","schneider"
"173","träger"
"174","cem"
"175","özdemir"
"176","charlotte"
"177","schneidewind-hartnagel"
"178","christian"
"179","dürr"
"180","haase"
"181","hirte"
"182","kühn"
"183","lange"
"184","lindner"
"185","petry"
"186","sauter"
"187","schmidt"
"188","stetten"
"189","wirth"
"190","christine"
"191","aschenberg-dugnus"
"192","lambrecht"
"193","christoph"
"194","bernstiel"
"195","de"
"196","vries"
"197","matschie"
"198","meyer"
"199","neumann"
"200","ploß"
"201","claudia"
"202","moll"
"203","roth"
"204","schmidtke"
"205","tausend"
"206","corinna"
"207","miazga"
"208","rüffer"
"209","cornelia"
"210","möhring"
"211","dagmar"
"212","freitag"
"213","ziegler"
"214","daniel"
"215","föst"
"216","daniela"
"217","de"
"218","ridder"
"219","kluckert"
"220","kolbe"
"221","ludwig"
"222","danyal"
"223","bayaz"
"224","dennis"
"225","rohde"
"226","detlef"
"227","seif"
"228","detlev"
"229","pilger"
"230","spangenberg"
"231","dieter"
"232","janecek"
"233","stier"
"234","diether"
"235","dehm"
"236","dietlind"
"237","tiemann"
"238","dietmar"
"239","bartsch"
"240","friedhoff"
"241","nietan"
"242","dietrich"
"243","monstadt"
"244","dirk"
"245","heidenblut"
"246","spaniel"
"247","vöpel"
"248","wiese"
"249","doris"
"250","achelwilm"
"251","barnett"
"252","dorothee"
"253","bär"
"254","eberhard"
"255","brecht"
"256","gienger"
"257","eckhard"
"258","gnodtke"
"259","pols"
"260","eckhardt"
"261","rehberg"
"262","edgar"
"263","franke"
"264","ekin"
"265","deligöz"
"266","elisabeth"
"267","kaiser"
"268","motschmann"
"269","winkelmeier-becker"
"270","elvan"
"271","korkmaz-emre"
"272","emmi"
"273","zeulner"
"274","enak"
"275","ferlemann"
"276","enrico"
"277","komning"
"278","erhard"
"279","grundl"
"280","erich"
"281","irlstorfer"
"282","ernst"
"283","rossmann"
"284","erwin"
"285","rüddel"
"286","esther"
"287","dilcher"
"288","eva-maria"
"289","schreiber"
"290","eva"
"291","högl"
"292","ewald"
"293","schurer"
"294","fabian"
"295","jacobi"
"296","fabio"
"297","masi"
"298","falko"
"299","mohrs"
"300","felix"
"301","schreiner"
"302","filiz"
"303","polat"
"304","florian"
"305","oßner"
"306","pronold"
"307","toncar"
"308","frank"
"309","heinrich"
"310","junge"
"311","magnitz"
"312","müller-rosentritt"
"313","pasemann"
"314","schäffler"
"315","schwabe"
"316","sitta"
"317","steffel"
"318","franziska"
"319","brantner"
"320","gminder"
"321","frauke"
"322","friedrich"
"323","ostendorff"
"324","straetmanns"
"325","frithjof"
"326","fritz"
"327","felgentreu"
"328","güntzler"
"329","gabi"
"330","weber"
"331","gabriela"
"332","gabriele"
"333","hiller-ohm"
"334","katzmarek"
"335","georg"
"336","kippels"
"337","nüßlein"
"338","gerald"
"339","ullrich"
"340","gerd"
"341","gerhard"
"342","schick"
"343","zickenheiner"
"344","gero"
"345","hocker"
"346","storjohann"
"347","gerold"
"348","otten"
"349","gesine"
"350","lötzsch"
"351","gisela"
"352","manderla"
"353","gitta"
"354","connemann"
"355","gökay"
"356","akbulut"
"357","gottfried"
"358","curio"
"359","götz"
"360","frömming"
"361","gregor"
"362","gysi"
"363","grigorios"
"364","aggelidis"
"365","gülistan"
"366","yüksel"
"367","günter"
"368","krings"
"369","gunther"
"370","krichbaum"
"371","gustav"
"372","herzog"
"373","gyde"
"374","jensen"
"375","hagen"
"376","reinhold"
"377","hans-georg"
"378","der"
"379","marwitz"
"380","hans-joachim"
"381","fuchtel"
"382","hans-jürgen"
"383","irmer"
"384","thies"
"385","hans-peter"
"386","hans"
"387","michelbach"
"388","hansjörg"
"389","durz"
"390","harald"
"391","ebner"
"392","weinberg"
"393","weyel"
"394","hartmut"
"395","ebbing"
"396","heidrun"
"397","bluhm"
"398","heike"
"399","baehrens"
"400","brehmer"
"401","hänsel"
"402","heiko"
"403","heßenkemper"
"404","maas"
"405","wildberg"
"406","helge"
"407","braun"
"408","lindh"
"409","helin"
"410","evrim"
"411","sommer"
"412","hendrik"
"413","hoppenstedt"
"414","henning"
"415","otte"
"416","heribert"
"417","hermann-josef"
"418","tebroke"
"419","hermann"
"420","färber"
"421","gröhe"
"422","otto"
"423","solms"
"424","hilde"
"425","mattheis"
"426","hubertus"
"427","heil"
"428","zdebel"
"429","ingmar"
"430","ingo"
"431","gädechens"
"432","wellenreuther"
"433","ingrid"
"434","arndt-brauer"
"435","nestle"
"436","pahlmann"
"437","remmers"
"438","irene"
"439","mihalic"
"440","isabel"
"441","mackensen"
"442","jan-marco"
"443","luczak"
"444","jan"
"445","korte"
"446","metzler"
"447","r."
"448","nolte"
"449","jana"
"450","schimke"
"451","jens"
"452","beeck"
"453","brandenburg"
"454","kestner"
"455","koeppen"
"456","lehmann"
"457","maier"
"458","spahn"
"459","zimmermann"
"460","jessica"
"461","tatti"
"462","jimmy"
"463","schulz"
"464","joachim"
"465","pfeiffer"
"466","joana"
"467","cotar"
"468","jochen"
"469","haug"
"470","joe"
"471","weingarten"
"472","johann"
"473","saathoff"
"474","wadephul"
"475","johannes"
"476","fechner"
"477","huber"
"478","kahrs"
"479","röring"
"480","schraps"
"481","selle"
"482","steiniger"
"483","vogel"
"484","jörg"
"485","cezanne"
"486","jörn"
"487","könig"
"488","josef"
"489","oster"
"490","rief"
"491","josephine"
"492","ortleb"
"493","josip"
"494","juratovic"
"495","judith"
"496","skudelny"
"497","julia"
"498","verlinden"
"499","jürgen"
"500","hardt"
"501","martens"
"502","pohl"
"503","trittin"
"504","jutta"
"505","krellmann"
"506","kai"
"507","gehring"
"508","wegner"
"509","whittaker"
"510","karamba"
"511","diaby"
"512","karin"
"513","maag"
"514","strenz"
"515","karl-heinz"
"516","brunner"
"517","a."
"518","lamers"
"519","holmeier"
"520","lauterbach"
"521","karlheinz"
"522","busen"
"523","karsten"
"524","hilse"
"525","klein"
"526","möring"
"527","katarina"
"528","barley"
"529","katharina"
"530","dröge"
"531","landgraf"
"532","willkomm"
"533","kathrin"
"534","vogler"
"535","katja"
"536","dörner"
"537","hessel"
"538","keul"
"539","kipping"
"540","leikert"
"541","mast"
"542","suding"
"543","katrin"
"544","budde"
"545","göring-eckardt"
"546","helling-plahr"
"547","staffler"
"548","werner"
"549","kay"
"550","gottschalk"
"551","kees"
"552","kersten"
"553","steinke"
"554","kerstin"
"555","andreae"
"556","griese"
"557","kassner"
"558","radomski"
"559","tack"
"560","vieregge"
"561","kirsten"
"562","kappert-gonther"
"563","lühmann"
"564","tackmann"
"565","klaus-dieter"
"566","gröhler"
"567","klaus-peter"
"568","schulze"
"569","willsch"
"570","klaus"
"571","mindrup"
"572","konstantin"
"573","elias"
"574","kuhle"
"575","notz"
"576","kordula"
"577","schulz-asche"
"578","lars"
"579","castellucci"
"580","herrmann"
"581","klingbeil"
"582","leif-erik"
"583","holm"
"584","leni"
"585","breymaier"
"586","linda"
"587","teuteberg"
"588","lisa"
"589","badum"
"590","paus"
"591","lorenz"
"592","gösta"
"593","beutin"
"594","lothar"
"595","binding"
"596","riebsamen"
"597","luise"
"598","amtsberg"
"599","lukas"
"600","köhler"
"601","mahmut"
"602","maik"
"603","beermann"
"604","manfred"
"605","behrens"
"606","grund"
"607","todtenhausen"
"608","manja"
"609","schüle"
"610","manuel"
"611","höferlin"
"612","sarrazin"
"613","manuela"
"614","rottmann"
"615","marc"
"616","biadacz"
"617","henrichmann"
"618","jongen"
"619","marcel"
"620","klinge"
"621","marco"
"622","bülow"
"623","buschmann"
"624","wanderwitz"
"625","marcus"
"626","bühl"
"627","faber"
"628","held"
"629","margarete"
"630","bause"
"631","margit"
"632","stumpp"
"633","maria"
"634","flachsbarth"
"635","klein-schmeink"
"636","marian"
"637","wendt"
"638","mariana"
"639","harder-kühnel"
"640","marianne"
"641","schieder"
"642","marie-agnes"
"643","strack-zimmermann"
"644","marie-luise"
"645","dött"
"646","mario"
"647","mieruch"
"648","marja-liisa"
"649","völlers"
"650","mark"
"651","hauptmann"
"652","helfrich"
"653","markus"
"654","frohnmaier"
"655","grübel"
"656","herbrand"
"657","koob"
"658","kurth"
"659","paschke"
"660","töns"
"661","tressel"
"662","uhl"
"663","marlene"
"664","mortler"
"665","martin"
"666","burkert"
"667","e."
"668","renner"
"669","gerster"
"670","hebner"
"671","hess"
"672","hohmann"
"673","patzelt"
"674","rabanus"
"675","reichardt"
"676","rosemann"
"677","sichert"
"678","martina"
"679","stamm-fibich"
"680","matern"
"681","marschall"
"682","mathias"
"683","middelberg"
"684","stein"
"685","matthias"
"686","bartke"
"687","büttner"
"688","gastel"
"689","hauer"
"690","heider"
"691","höhn"
"692","miersch"
"693","seestern-pauly"
"694","w."
"695","birkwald"
"696","zimmer"
"697","max"
"698","straubinger"
"699","mechthild"
"700","melanie"
"701","bernstein"
"702","metin"
"703","hakverdi"
"704","michael"
"705","brand"
"706","donth"
"707","espendiller"
"708","frieser"
"709","gerdes"
"710","groß"
"711","grosse-brömer"
"712","hennrich"
"713","kießling"
"714","kuffer"
"715","leutert"
"716","link"
"717","meister"
"718","schrodi"
"719","stübgen"
"720","theurer"
"721","thews"
"722","abercron"
"723","michaela"
"724","noll"
"725","michel"
"726","brandt"
"727","michelle"
"728","müntefering"
"729","monika"
"730","grütters"
"731","lazar"
"732","nadine"
"733","schön"
"734","nezahat"
"735","baradari"
"736","nicola"
"737","beer"
"738","nicole"
"739","bauer"
"740","gohlke"
"741","höchst"
"742","westig"
"743","niels"
"744","annen"
"745","niema"
"746","movassat"
"747","nikolas"
"748","löbel"
"749","nils"
"750","schmid"
"751","nina"
"752","scheer"
"753","warken"
"754","norbert"
"755","altenkamp"
"756","barthle"
"757","brackmann"
"758","kleinwächter"
"759","röttgen"
"760","olaf"
"761","in"
"762","beek"
"763","olav"
"764","gutting"
"765","oliver"
"766","grundmann"
"767","kaczmarek"
"768","krischer"
"769","luksic"
"770","wittke"
"771","omid"
"772","nouripour"
"773","oswin"
"774","veith"
"775","ottmar"
"776","holtz"
"777","fricke"
"778","pascal"
"779","kober"
"780","meiser"
"781","patricia"
"782","lips"
"783","patrick"
"784","schnieder"
"785","sensburg"
"786","lehrieder"
"787","podolay"
"788","ziemiak"
"789","peter"
"790","altmaier"
"791","aumer"
"792","beyer"
"793","bleser"
"794","boehringer"
"795","felser"
"796","heidt"
"797","ramsauer"
"798","tauber"
"799","weiß"
"800","petr"
"801","bystron"
"802","petra"
"803","nicolaisen"
"804","pau"
"805","sitte"
"806","philipp"
"807","amthor"
"808","pia"
"809","kraft"
"810","spiering"
"811","ralf"
"812","brauksiepe"
"813","kapschack"
"814","ralph"
"815","brinkhaus"
"816","lenkert"
"817","reginald"
"818","hanke"
"819","reinhard"
"820","houben"
"821","brandl"
"822","sendker"
"823","renata"
"824","alt"
"825","renate"
"826","künast"
"827","rené"
"828","röspel"
"829","springer"
"830","rita"
"831","hagl-kehl"
"832","schwarzelühr-sutter"
"833","robby"
"834","schlund"
"835","roderich"
"836","kiesewetter"
"837","roland"
"838","hartwig"
"839","rolf"
"840","mützenich"
"841","roman"
"842","müller-böhm"
"843","reusch"
"844","ronja"
"845","kemmer"
"846","roy"
"847","kühne"
"848","rüdiger"
"849","kruse"
"850","lucassen"
"851","rudolf"
"852","henke"
"853","sabine"
"854","dittmar"
"855","leidig"
"856","poschmann"
"857","weiss"
"858","sahra"
"859","wagenknecht"
"860","sandra"
"861","bubendorfer-licht"
"862","weeser"
"863","sarah"
"864","ryglewski"
"865","sascha"
"866","raabe"
"867","saskia"
"868","esken"
"869","sebastian"
"870","brehm"
"871","hartmann"
"872","münzenmaier"
"873","steineke"
"874","sepp"
"875","sevim"
"876","dagdelen"
"877","siegbert"
"878","droese"
"879","siemtje"
"880","möller"
"881","sigmar"
"882","gabriel"
"883","silke"
"884","launert"
"885","silvia"
"886","breher"
"887","simone"
"888","barrientos"
"889","sonja"
"890","steffen"
"891","sönke"
"892","rix"
"893","sören"
"894","bartol"
"895","pellmann"
"896","stefan"
"897","gelbhaar"
"898","kaufmann"
"899","keuter"
"900","liebich"
"901","rouenhoff"
"902","ruppert"
"903","sauer"
"904","schwartze"
"905","zierke"
"906","bilger"
"907","kotré"
"908","steffi"
"909","lemke"
"910","stephan"
"911","albani"
"912","brandner"
"913","harbarth"
"914","mayer"
"915","pilsinger"
"916","protschka"
"917","stracke"
"918","thomae"
"919","susann"
"920","rüthrich"
"921","susanne"
"922","ferschl"
"923","mittag"
"924","sven-christian"
"925","kindler"
"926","sven"
"927","svenja"
"928","stadler"
"929","swen"
"930","sybille"
"931","benning"
"932","sylvia"
"933","gabelmann"
"934","kotting-uhl"
"935","pantel"
"936","tabea"
"937","rößner"
"938","tankred"
"939","schipanski"
"940","thomas"
"941","bareiß"
"942","maiziére"
"943","ehrhorn"
"944","erndl"
"945","gebhart"
"946","hacker"
"947","heilmann"
"948","hitschler"
"949","jarzombek"
"950","jurk"
"951","l."
"952","kemmerich"
"953","lutze"
"954","nord"
"955","oppermann"
"956","rachel"
"957","sattelberger"
"958","seitz"
"959","silberhorn"
"960","thorsten"
"961","frei"
"962","till"
"963","mansmann"
"964","timon"
"965","gremmels"
"966","tino"
"967","chrupalla"
"968","sorge"
"969","tobias"
"970","peterka"
"971","pflüger"
"972","torbjörn"
"973","kartes"
"974","torsten"
"975","herbst"
"976","schweiger"
"977","udo"
"978","hemmelgarn"
"979","schiefner"
"980","uli"
"981","grötsch"
"982","ulla"
"983","ihnen"
"984","jelpke"
"985","ulle"
"986","schauws"
"987","ulli"
"988","nissen"
"989","freese"
"990","kelber"
"991","lechte"
"992","oehme"
"993","ulrike"
"994","bahr"
"995","schielke-ziesing"
"996","ursula"
"997","groden-kranich"
"998","schulte"
"999","leyen"
"1000","ute"
"1001","vogt"
"1002","uwe"
"1003","feiler"
"1004","kamann"
"1005","kekeritz"
"1006","schummer"
"1007","witt"
"1008","verena"
"1009","veronika"
"1010","bellmann"
"1011","victor"
"1012","perli"
"1013","volker"
"1014","kauder"
"1015","münz"
"1016","volkmar"
"1017","waldemar"
"1018","herdt"
"1019","wiebke"
"1020","esdar"
"1021","wieland"
"1022","schinnenburg"
"1023","wilfried"
"1024","oellers"
"1025","wilhelm"
"1026","gottberg"
"1027","wolfgang"
"1028","hellmich"
"1029","kubicki"
"1030","schäuble"
"1031","stefinger"
"1032","strengmann-kuhn"
"1033","wiehle"
"1034","yasmin"
"1035","fahimi"
"1036","yvonne"
"1037","magwas"
"1038","zaklin"
"1039","nastic"
"1040","marie"
"1041","schäffer"
"1042","damus"
"1043","elske"
"1044","hildebrandt"
"1045","tina"
"1046","fortunato"
"1047","schaller"
"1048","budke"
"1049","scheetz"
"1050","hünich"
"1051","philip"
"1052","zeschmann"
"1053","hanko"
"1054","johlige"
"1055","heiner"
"1056","klemp"
"1057","hardy"
"1058","lux"
"1059","kathi"
"1060","muxel"
"1061","noack"
"1062","redmann"
"1063","roswitha"
"1064","schier"
"1065","isabelle"
"1066","vandre"
"1067","péter"
"1068","vida"
"1069","woidke"
"1070","kristy"
"1071","augustin"
"1072","adler"
"1073","hans-christoph"
"1074","berndt"
"1075","ricarda"
"1076","günther"
"1077","wilko"
"1078","barthel"
"1079","bommert"
"1080","gordon"
"1081","rolf-peter"
"1082","hooge"
"1083","kalbitz"
"1084","kornmesser"
"1085","liedtke"
"1086","richstein"
"1087","clemens"
"1088","rostock"
"1089","schieske"
"1090","erik"
"1091","stohn"
"1092","vogelsänger"
"1093","wernicke"
"1094","franz"
"1095","baaske"
"1096","ortwin"
"1097","baier"
"1098","helmut"
"1099","bessin"
"1100","mike"
"1101","bischoff"
"1102","marlen"
"1103","block"
"1104","steeven"
"1105","bretz"
"1106","julian"
"1107","brüning"
"1108","dannenberg"
"1109","domres"
"1110","drenske"
"1111","lena"
"1112","duggen"
"1113","danny"
"1114","eichelbaum"
"1115","freiherr"
"1116","lützow"
"1117","funke"
"1118","galau"
"1119","görke"
"1120","inka"
"1121","gossmann-reetz"
"1122","isabell"
"1123","hiekel"
"1124","hohloch"
"1125","john"
"1126","keller"
"1127","carla"
"1128","kniestedt"
"1129","ronny"
"1130","kretschmer"
"1131","kubitzki"
"1132","lakenmacher"
"1133","lüttmann"
"1134","münschke"
"1135","ilona"
"1136","nicklisch"
"1137","nothing"
"1138","pohle"
"1139","raschke"
"1140","roick"
"1141","rüter"
"1142","schierack"
"1143","senftleben"
"1144","spring-räumschüssel"
"1145","stefke"
"1146","(horst"
"1147","wolfgang)"
"1148","teichner"
"1149","gizycki"
"1150","walter"
"1151","walter-mundt"
"1152","wernitz"
"1153","dilek"
"1154","kalayci"
"1155","turgut"
"1156","altug"
"1157","schmidberger"
"1158","kollatz"
"1159","katalin"
"1160","gennburg"
"1161","czaja"
"1162","kapek"
"1163","statzkowski"
"1164","evers"
"1165","ramona"
"1166","pop"
"1167","derya"
"1168","friederici"
"1169","schatz"
"1170","albers"
"1171","kugler"
"1172","geisel"
"1173","kofbinger"
"1174","joschka"
"1175","langenbrinck"
"1176","hakan"
"1177","tas"
"1178","anne"
"1179","helm"
"1180","jahnke"
"1181","susanna"
"1182","kahlefeld"
"1183","kössler"
"1184","plonske"
"1185","tom"
"1186","seerig"
"1187","wolf"
"1188","bangert"
"1189","emine"
"1190","demirbüken-wegner"
"1191","freymark"
"1192","gebel"
"1193","gräff"
"1194","kühnemann"
"1195","laatsch"
"1196","luthe"
"1197","tommy"
"1198","tabor"
"1199","berg"
"1200","billig"
"1201","kristin"
"1202","brinker"
"1203","düsterhöft"
"1204","gaby"
"1205","gottwald"
"1206","hans-christian"
"1207","hausmann"
"1208","heinemann"
"1209","kohlmeier"
"1210","moritz"
"1211","ines"
"1212","niklas"
"1213","schrader"
"1214","clara"
"1215","west"
"1216","woldeit"
"1217","zillich"
"1218","dörstelmann"
"1219","isenberg"
"1220","becker"
"1221","burkard"
"1222","dregger"
"1223","notker"
"1224","schweikhardt"
"1225","burkert-eulitz"
"1226","ina"
"1227","czyborra"
"1228","gindra"
"1229","jarasch"
"1230","michail"
"1231","nelken"
"1232","pazderski"
"1233","raed"
"1234","saleh"
"1235","wei"
"1236","tim-christopher"
"1237","zeelen"
"1238","bertram"
"1239","bie"
"1240","hugh"
"1241","theodore"
"1242","bronson"
"1243","buchner"
"1244","goiny"
"1245","adrian"
"1246","grasse"
"1247","henkel"
"1248","klaer"
"1249","hendrikje"
"1250","gunnar"
"1251","n."
"1252","lindemann"
"1253","melzer"
"1254","herbert"
"1255","mohr"
"1256","catherina"
"1257","pieroth-manelli"
"1258","stefanie"
"1259","remlinger"
"1260","kristian"
"1261","ronneburg"
"1262","robert"
"1263","schaddach"
"1264","scheermesser"
"1265","schlömer"
"1266","schopf"
"1267","seidel"
"1268","standfu"
"1269","stettner"
"1270","vandrey"
"1271","kurt"
"1272","wansner"
"1273","wesener"
"1274","wild"
"1275","jeannette"
"1276","auricht"
"1277","hanno"
"1278","bachmann"
"1279","böcker-giannini"
"1280","brychcy"
"1281","dietmann"
"1282","domer"
"1283","efler"
"1284","förster"
"1285","fresdorf"
"1286","fuchs"
"1287","ronald"
"1288","gläser"
"1289","halsch"
"1290","frank-christian"
"1291","hansel"
"1292","hochgrebe"
"1293","hofer"
"1294","maren"
"1295","jasper-winter"
"1296","robbin"
"1297","juhnke"
"1298","claudio"
"1299","jupe"
"1300","kerker"
"1301","kitschun"
"1302","regina"
"1303","kittler"
"1304","holger"
"1305","krestel"
"1306","maja"
"1307","lasic"
"1308","leschewitz"
"1309","benedikt"
"1310","sibylle"
"1311","nerstheimer"
"1312","neuendorf"
"1313","penn"
"1314","marion"
"1315","platta"
"1316","nico"
"1317","rissmann"
"1318","schlüsselburg"
"1319","henner"
"1320","scholtysek"
"1321","katina"
"1322","schubert"
"1323","jürn"
"1324","jakob"
"1325","schultze-berndt"
"1326","seibeld"
"1327","iris"
"1328","spranger"
"1329","stroedter"
"1330","taschner"
"1331","june"
"1332","tomiak"
"1333","fadime"
"1334","topaç"
"1335","trapp"
"1336","trefzer"
"1337","ubbelohde"
"1338","vallendar"
"1339","wieberneit"
"1340","bruni"
"1341","wildenhein-lauterbach"
"1342","ziller"
"1343","lösch"
"1344","josha"
"1345","frey"
"1346","winfried"
"1347","rösler"
"1348","christina"
"1349","baum"
"1350","guido"
"1351","muhterem"
"1352","aras"
"1353","kurtz"
"1354","hans-ulrich"
"1355","sckerl"
"1356","hoffmeister-kraut"
"1357","untersteller"
"1358","goll"
"1359","nese"
"1360","erikli"
"1361","blenke"
"1362","marwein"
"1363","salomon"
"1364","murschel"
"1365","neumann-martin"
"1366","schebesta"
"1367","ramazan"
"1368","selcuk"
"1369","boris"
"1370","weirauch"
"1371","kretschmann"
"1372","theresia"
"1373","kleinböck"
"1374","lindlohr"
"1375","born"
"1376","krebs"
"1377","edith"
"1378","sitzmann"
"1379","stoch"
"1380","elke"
"1381","bay"
"1382","dörflinger"
"1383","gernot"
"1384","gruber"
"1385","halder"
"1386","kenner"
"1387","siegfried"
"1388","lorek"
"1389","rolland"
"1390","saebel"
"1391","seemann"
"1392","karl-wilhelm"
"1393","röhm"
"1394","hartmann-müller"
"1395","hagel"
"1396","keck"
"1397","lede"
"1398","abal"
"1399","nelius"
"1400","thekla"
"1401","walker"
"1402","boser"
"1403","filius"
"1404","nicolas"
"1405","fink"
"1406","gentges"
"1407","grath"
"1408","friedlinde"
"1409","gurr-hirsch"
"1410","raimund"
"1411","haser"
"1412","hinderer"
"1413","hoher"
"1414","kern"
"1415","timm"
"1416","merz"
"1417","nemeth"
"1418","renkonen"
"1419","rülke"
"1420","scheffold"
"1421","teufel"
"1422","dorothea"
"1423","wehinger"
"1424","stickelberger"
"1425","lucha"
"1426","rombach"
"1427","balzer"
"1428","beck"
"1429","deuschle"
"1430","gögel"
"1431","grimmer"
"1432","hauk"
"1433","karrais"
"1434","bärbl"
"1435","mielich"
"1436","räpple"
"1437","emil"
"1438","sänze"
"1439","august"
"1440","schuler"
"1441","fiechtner"
"1442","häffner"
"1443","hau"
"1444","klenk"
"1445","klos"
"1446","mack"
"1447","claus"
"1448","paal"
"1449","philippi"
"1450","pix"
"1451","rapp"
"1452","razavi"
"1453","reinhart"
"1454","schoch"
"1455","willi"
"1456","stächele"
"1457","wolle"
"1458","baron"
"1459","binder"
"1460","bogner-unden"
"1461","stephen"
"1462","brauer"
"1463","burger"
"1464","epple"
"1465","rudi"
"1466","arnulf"
"1467","eyb"
"1468","fulst-blei"
"1469","gall"
"1470","gedeon"
"1471","gramling"
"1472","hentschel"
"1473","herre"
"1474","hockenberger"
"1475","hofelich"
"1476","katzenstein"
"1477","kö"
"1478","niemann"
"1479","palka"
"1480","podeswa"
"1481","poreski"
"1482","reich-gutjahr"
"1483","rivoir"
"1484","schütte"
"1485","schweickert"
"1486","senger"
"1487","stauch"
"1488","klaus-günther"
"1489","voigtmann"
"1490","wald"
"1491","jonas"
"1492","weinmann"
"1493","wölfle"
"1494","piazolo"
"1495","huml"
"1496","sibler"
"1497","hold"
"1498","dünkel"
"1499","natascha"
"1500","kohnen"
"1501","carolina"
"1502","trautner"
"1503","maximilian"
"1504","deisenhofer"
"1505","lettenbauer"
"1506","seidenath"
"1507","sowa"
"1508","haubrich"
"1509","büchler"
"1510","streibl"
"1511","fischbach"
"1512","rauscher"
"1513","horst"
"1514","triebel"
"1515","bausback"
"1516","eibl"
"1517","schuberl"
"1518","stephanie"
"1519","schuhknecht"
"1520","stümpfig"
"1521","weigand"
"1522","strohmayr"
"1523","dremel"
"1524","hep"
"1525","monatzeder"
"1526","becher"
"1527","cemal"
"1528","bozoglu"
"1529","celina"
"1530","lucia"
"1531","guttenberger"
"1532","hierneis"
"1533","alexandra"
"1534","hiersemann"
"1535","ruth"
"1536","rinderspacher"
"1537","ritter"
"1538","tomaschko"
"1539","söder"
"1540","gudrun"
"1541","brendel-fischer"
"1542","friedl"
"1543","halbleib"
"1544","baumgärtner"
"1545","flisek"
"1546","tessa"
"1547","ganserer"
"1548","sanne"
"1549","kurz"
"1550","toman"
"1551","benno"
"1552","zierer"
"1553","gotthardt"
"1554","hanisch"
"1555","jäckel"
"1556","knoblach"
"1557","mehring"
"1558","mistol"
"1559","berthold"
"1560","rüth"
"1561","tanja"
"1562","schorer-dremel"
"1563","schreyer"
"1564","straub"
"1565","taubeneder"
"1566","urban"
"1567","weigert"
"1568","glauber"
"1569","ebner-steiner"
"1570","leopold"
"1571","herz"
"1572","gülseren"
"1573","demirel"
"1574","enders"
"1575","eric"
"1576","bei"
"1577","duin"
"1578","füracker"
"1579","osgyan"
"1580","julika"
"1581","sandt"
"1582","winhart"
"1583","adjei"
"1584","gottstein"
"1585","hauber"
"1586","krahl"
"1587","löw"
"1588","schalk"
"1589","schöffel"
"1590","skutella"
"1591","dominik"
"1592","spitzer"
"1593","stolz"
"1594","waldmann"
"1595","alex"
"1596","dorow"
"1597","eck"
"1598","hubert"
"1599","faltermeier"
"1600","fehlner"
"1601","güller"
"1602","herold"
"1603","heubisch"
"1604","holetschek"
"1605","kaltenhauser"
"1606","muthmann"
"1607","tim"
"1608","pargent"
"1609","regitz"
"1610","scharf"
"1611","siekmann"
"1612","diana"
"1613","stachowitz"
"1614","rosi"
"1615","steinberger"
"1616","arif"
"1617","tasdelen"
"1618","brunn"
"1619","zellmeier"
"1620","aiwanger"
"1621","ilse"
"1622","aigner"
"1623","kaniber"
"1624","bayerbach"
"1625","eisenreich"
"1626","sandro"
"1627","kirchner"
"1628","markwort"
"1629","pittner"
"1630","waschler"
"1631","adelt"
"1632","blume"
"1633","brannekämper"
"1634","busch"
"1635","flierl"
"1636","freller"
"1637","häusler"
"1638","klingen"
"1639","kohler"
"1640","nikolaus"
"1641","kraus"
"1642","runge"
"1643","inge"
"1644","aures"
"1645","böhm"
"1646","cyron"
"1647","eiling-hütig"
"1648","enghuber"
"1649","hofmann"
"1650","kreuzer"
"1651","loibl"
"1652","ferdinand"
"1653","mang"
"1654","merk"
"1655","nussel"
"1656","radler"
"1657","rei"
"1658","rieger"
"1659","schwartz"
"1660","sengl"
"1661","stierstorfer"
"1662","stöttner"
"1663","widmann"
"1664","zwanziger"
"1665","bachhuber"
"1666","bergmüller"
"1667","alfons"
"1668","fackler"
"1669","gerlach"
"1670","gibis"
"1671","richard"
"1672","graupner"
"1673","alfred"
"1674","grob"
"1675","hintersberger"
"1676","hopp"
"1677","ländner"
"1678","magerl"
"1679","miskowitsch"
"1680","oetzinger"
"1681","plenk"
"1682","pschierer"
"1683","radlmeier"
"1684","schiffers"
"1685","schorer"
"1686","schwab"
"1687","seidl"
"1688","singer"
"1689","spaenle"
"1690","steiner"
"1691","swoboda"
"1692","wagle"
"1693","weidenbusch"
"1694","winter"
"1695","karolin"
"1696","aulepp"
"1697","jasmina"
"1698","heritani"
"1699","imhoff"
"1700","henrike"
"1701","m"
"1702","saxe"
"1703","sieling"
"1704","ahrens"
"1705","averwerser"
"1706","bensch"
"1707","bergmann"
"1708","bodeit"
"1709","elombo"
"1710","bolayela"
"1711","g"
"1712","bruck"
"1713","janina"
"1714","br"
"1715","b"
"1716","magnus"
"1717","buhlert"
"1718","sina"
"1719","dertwinkel"
"1720","s"
"1721","eckhoff"
"1722","solveig"
"1723","eschen"
"1724","bj"
"1725","felgentr"
"1726","fensak"
"1727","sahhanim"
"1728","grobien"
"1729","sigrid"
"1730","gr"
"1731","grotheer"
"1732","mustafa"
"1733","hauke"
"1734","hilz"
"1735","hornhues"
"1736","christopher"
"1737","hupe"
"1738","nelson"
"1739","j"
"1740","mazlum"
"1741","koc"
"1742","kr"
"1743","kevin"
"1744","lenkeit"
"1745","sofia"
"1746","leonidakis"
"1747","l"
"1748","meyer-heder"
"1749","michalik"
"1750","maurice"
"1751","neumeyer"
"1752","osterkamp-weber"
"1753","kemal"
"1754","birgitt"
"1755","p"
"1756","quante-brandt"
"1757","raschen"
"1758","reimers-bruns"
"1759","claas"
"1760","rohmeyer"
"1761","r"
"1762","klaus-rainer"
"1763","rupp"
"1764","saffe"
"1765","thore"
"1766","sch"
"1767","schiemann"
"1768","schnittker"
"1769","schumann"
"1770","mehmet-ali"
"1771","seyrek"
"1772","stahmann"
"1773","strohmann"
"1774","miriam"
"1775","strunge"
"1776","tebje"
"1777","tegeler"
"1778","timke"
"1779","muhammet"
"1780","tokmak"
"1781","valentina"
"1782","tuchel"
"1783","cindi"
"1784","tuncel"
"1785","vom"
"1786","bruch"
"1787","falk"
"1788","kai-lena"
"1789","wargalla"
"1790","welt"
"1791","lencke"
"1792","wischhusen"
"1793","oguzhan"
"1794","yazici"
"1795","priska"
"1796","hinz"
"1797","tarek"
"1798","al-wazir"
"1799","hering"
"1800","stirböck"
"1801","katy"
"1802","walther"
"1803","waschke"
"1804","feldmayer"
"1805","schaus"
"1806","nancy"
"1807","faeser"
"1808","diefenbach"
"1809","felstehausen"
"1810","goldbach"
"1811","kahnt"
"1812","may"
"1813","müller-klepper"
"1814","schauder"
"1815","degen"
"1816","enners"
"1817","grobe"
"1818","kaffenberger"
"1819","kula"
"1820","leveringhaus"
"1821","naas"
"1822","richter"
"1823","rudolph"
"1824","wallmann"
"1825","bouffier"
"1826","lorz"
"1827","vanessa"
"1828","gronemann"
"1829","honka"
"1830","beuth"
"1831","funken"
"1832","dorn-rancke"
"1833","ruhl"
"1834","anders"
"1835","bellino"
"1836","heidkamp"
"1837","heinz"
"1838","klose"
"1839","pentz"
"1840","rhein"
"1841","ismail"
"1842","tipi"
"1843","utter"
"1844","bamberger"
"1845","barth"
"1846","frank-tilo"
"1847","bocklet"
"1848","brünnel"
"1849","hildegard"
"1850","förster-heldmann"
"1851","frömmrich"
"1852","gersberg"
"1853","grumbach"
"1854","heitland"
"1855","kartmann"
"1856","lambrou"
"1857","lichert"
"1858","schleenbecker"
"1859","dimitri"
"1860","wintermeyer"
"1861","janine"
"1862","wissler"
"1863","arnoldt"
"1864","bächle-scholz"
"1865","banzer"
"1866","ralf-norbert"
"1867","bartelt"
"1868","christiane"
"1869","bolldorf"
"1870","büger"
"1871","taylan"
"1872","burcu"
"1873","dahlke"
"1874","decker"
"1875","eckert"
"1876","eisenhardt"
"1877","karina"
"1878","fissmann"
"1879","gagel"
"1880","gaw"
"1881","geis"
"1882","gnadl"
"1883","grüger"
"1884","jörg-uwe"
"1885","hofmeister"
"1886","knut"
"1887","kasseckert"
"1888","frank-peter"
"1889","kaya"
"1890","kinkel"
"1891","knell"
"1892","kummer"
"1893","lenders"
"1894","löber"
"1895","lortz"
"1896","lotz"
"1897","meysner"
"1898","regine"
"1899","papst-dippel"
"1900","promny"
"1901","yanki"
"1902","pürsün"
"1903","puttrich"
"1904","rahn"
"1905","ravensburg"
"1906","reul"
"1907","rock"
"1908","schad"
"1909","schalauske"
"1910","schardt-sauer"
"1911","schenk"
"1912","heidemarie"
"1913","scheuch-paschkewitz"
"1914","mirjam"
"1915","scholz"
"1916","serke"
"1917","saadet"
"1918","sönmez"
"1919","steinraths"
"1920","strube"
"1921","ulloth"
"1922","veyhelmann"
"1923","bernd-erich"
"1924","vohl"
"1925","warnecke"
"1926","marius"
"1927","wilken"
"1928","wissenbach"
"1929","thering"
"1930","stöver"
"1931","dobusch"
"1932","timmann"
"1933","anjes"
"1934","tjarks"
"1935","wiedemann"
"1936","ole"
"1937","thorben"
"1938","buschhüter"
"1939","olga"
"1940","fritzsche"
"1941","gladiator"
"1942","bill"
"1943","czech"
"1944","(phyliss)"
"1945","jersch"
"1946","kappe"
"1947","christel"
"1948","oldenburg"
"1949","schittek"
"1950","springborn"
"1951","sudmann"
"1952","maryam"
"1953","blumenthal"
"1954","veit"
"1955","böddinghaus"
"1956","mareike"
"1957","engels"
"1958","david"
"1959","erkalp"
"1960","frieling"
"1961","gallina"
"1962","gwosdz"
"1963","imhof"
"1964","regina-elisabeth"
"1965","jäck"
"1966","jennifer"
"1967","jasberg"
"1968","ivy"
"1969","paustian-döscher"
"1970","pochnicht"
"1971","schumacher"
"1972","stoberock"
"1973","mehmet"
"1974","yildiz"
"1975","kazim"
"1976","abaci"
"1977","ksenija"
"1978","bekeris"
"1979","berk"
"1980","botzenhart"
"1981","deniz"
"1982","aylin"
"1983","demirhan"
"1984","rosa"
"1985","domm"
"1986","duge"
"1987","ehlebracht"
"1988","ensslen"
"1989","alske"
"1990","freter"
"1991","gerrit"
"1992","fu"
"1993","gamm"
"1994","gögge"
"1995","eckard"
"1996","graage"
"1997","grutzeck"
"1998","hackbusch"
"1999","hennies"
"2000","clarissa"
"2001","danial"
"2002","ilkhanipour"
"2003","jansen"
"2004","linus"
"2005","jünemann"
"2006","annkathrin"
"2007","kammeyer"
"2008","kienscherf"
"2009","thilo"
"2010","kleibauer"
"2011","koltze"
"2012","kuchinke"
"2013","lohmann"
"2014","lorenzen"
"2015","loss"
"2016","iftikar"
"2017","malik"
"2018","gulfam"
"2019","mohnke"
"2020","mohrenberg"
"2021","zohra"
"2022","mojadeddi"
"2023","christa"
"2024","möller-metzger"
"2025","farid"
"2026","sami"
"2027","musa"
"2028","neubauer"
"2029","niedmers"
"2030","nockemann"
"2031","nunne"
"2032","baris"
"2033","cansu"
"2034","milan"
"2035","pein"
"2036","petersen"
"2037","arne"
"2038","platzbecker"
"2039","putz"
"2040","quast"
"2041","rose"
"2042","schemmel"
"2043","schlage"
"2044","schmitt"
"2045","seelmäcker"
"2046","simsek"
"2047","sparr"
"2048","steinbi"
"2049","stoop"
"2050","philine"
"2051","sturzenbecher"
"2052","urs"
"2053","tabbert"
"2054","insa"
"2055","tietjen"
"2056","juliane"
"2057","timmermann"
"2058","tode"
"2059","trepoll"
"2060","yusuf"
"2061","uzundag"
"2062","isabella"
"2063","vértes-schütter"
"2064","anna-elisabeth"
"2065","treuenfels-frowein"
"2066","krzysztof"
"2067","walczak"
"2068","weinreich"
"2069","winkler"
"2070","ekkehard"
"2071","wysocki"
"2072","güngör"
"2073","yilmaz"
"2074","zagst"
"2075","egbert"
"2076","liskow"
"2077","mignon"
"2078","schwenke"
"2079","würdisch"
"2080","backhaus"
"2081","ehlers"
"2082","kramer"
"2083","kröger"
"2084","butzki"
"2085","jesus"
"2086","fernandes"
"2087","harry"
"2088","glawe"
"2089","hesse"
"2090","heydorn"
"2091","julitz"
"2092","lerche"
"2093","pegel"
"2094","reinhardt"
"2095","tegtmeier"
"2096","ann"
"2097","christin"
"2098","allwörden"
"2099","wippermann"
"2100","arppe"
"2101","a"
"2102","barlen"
"2103","jacqueline"
"2104","bernhardt"
"2105","borschke"
"2106","brade"
"2107","caffier"
"2108","da"
"2109","cunha"
"2110","dachner"
"2111","dahlemann"
"2112","drese"
"2113","eifler"
"2114","foerster"
"2115","friedriszik"
"2116","maika"
"2117","friemann-jennert"
"2118","grimm"
"2119","tilo"
"2120","gundlack"
"2121","hersel"
"2122","gunter"
"2123","jess"
"2124","kaselitz"
"2125","kliewe"
"2126","koplin"
"2127","krüger"
"2128","karen"
"2129","larisch"
"2130","franz-robert"
"2131","manthei"
"2132","mucha"
"2133","bert"
"2134","obereiner"
"2135","peters"
"2136","renz"
"2137","reuken"
"2138","jeannine"
"2139","saemann"
"2140","schlupp"
"2141","jens-holger"
"2142","stamer"
"2143","strohschein"
"2144","waldmüller"
"2145","wildt"
"2146","weil"
"2147","imke"
"2148","byl"
"2149","toepffer"
"2150","tippelt"
"2151","wenzel"
"2152","ansmann"
"2153","andretta"
"2154","althusmann"
"2155","politze"
"2156","heiligenstadt"
"2157","alptekin"
"2158","kirci"
"2159","schröder-ehlers"
"2160","dorendorf"
"2161","willie"
"2162","hamburg"
"2163","bäumer"
"2164","jasper"
"2165","schönecke"
"2166","seefried"
"2167","domeier"
"2168","schü"
"2169","staudte"
"2170","brammer"
"2171","genthe"
"2172","dunja"
"2173","kreiser"
"2174","lammerskitten"
"2175","lechner"
"2176","johanne"
"2177","modder"
"2178","möhle"
"2179","saipa"
"2180","schulz-hendel"
"2181","karl-ludwig"
"2182","danwitz"
"2183","birkner"
"2184","bratmann"
"2185","calderone"
"2186","ehbrecht"
"2187","eilers"
"2188","thordies"
"2189","kurku"
"2190","lynack"
"2191","christos"
"2192","pantazis"
"2193","pott"
"2194","ulf"
"2195","prange"
"2196","harm"
"2197","rykena"
"2198","scharrelmann"
"2199","schatta"
"2200","schütz"
"2201","siemer"
"2202","pistorius"
"2203","försterling"
"2204","busemann"
"2205","schröder-köpf"
"2206","adasch"
"2207","ahrends"
"2208","bock"
"2209","bosse"
"2210","lies"
"2211","miesner"
"2212","raulfs"
"2213","wiard"
"2214","siebels"
"2215","wirtz"
"2216","wulf"
"2217","zinke"
"2218","arends"
"2219","bothe"
"2220","brinkmann"
"2221","bruns"
"2222","hillgriet"
"2223","emden"
"2224","emmerich-kopatsch"
"2225","immacolata"
"2226","glosemeyer"
"2227","heineking"
"2228","hilbers"
"2229","laura"
"2230","hopmann"
"2231","hujahn"
"2232","koch"
"2233","kortlang"
"2234","peer"
"2235","lilienthal"
"2236","limburg"
"2237","logemann"
"2238","osigus"
"2239","dragos"
"2240","pancescu"
"2241","thümler"
"2242","viehoff"
"2243","adomat"
"2244","bajus"
"2245","beekhuis"
"2246","bley"
"2247","bode"
"2248","brüninghoff"
"2249","dammann-tamke"
"2250","fredermann"
"2251","fühner"
"2252","grascha"
"2253","grupe"
"2254","dana"
"2255","guth"
"2256","henze"
"2257","bernd-carsten"
"2258","hiebing"
"2259","hillmer"
"2260","eike"
"2261","holsten"
"2262","gerda"
"2263","hövel"
"2264","meta"
"2265","janssen-kucz"
"2266","joumaah"
"2267","kauroff"
"2268","lesemann"
"2269","liebelt"
"2270","dörte"
"2271","liebetruth"
"2272","lottke"
"2273","menge"
"2274","zu"
"2275","strohen"
"2276","mohrmann"
"2277","hanna"
"2278","naber"
"2279","nacke"
"2280","niewerth-baumann"
"2281","oesterhelweg"
"2282","pieper"
"2283","plett"
"2284","thiemo"
"2285","röhler"
"2286","schepelmann"
"2287","schmädeke"
"2288","schünemann"
"2289","schütze"
"2290","thiele"
"2291","watermann"
"2292","lasse"
"2293","weritz"
"2294","thela"
"2295","wernstedt"
"2296","editha"
"2297","westmann"
"2298","wichmann"
"2299","föcking"
"2300","matheisen"
"2301","sieveke"
"2302","roger"
"2303","beckamp"
"2304","optendrenk"
"2305","fuchs-dreisbach"
"2306","arndt"
"2307","klocke"
"2308","pfeil"
"2309","weske"
"2310","biesenbach"
"2311","franken"
"2312","hafke"
"2313","quik"
"2314","börschel"
"2315","wibke"
"2316","brems"
"2317","herter"
"2318","kapteinat"
"2319","müller-rech"
"2320","volkan"
"2321","baran"
"2322","bombis"
"2323","freimuth"
"2324","gödecke"
"2325","hovenjürgen"
"2326","jahl"
"2327","katzidis"
"2328","krau"
"2329","loose"
"2330","mehrdad"
"2331","mostofizadeh"
"2332","remmel"
"2333","ibrahim"
"2334","yetim"
"2335","zimkeit"
"2336","wüst"
"2337","ott"
"2338","seifen"
"2339","berivan"
"2340","aymaz"
"2341","geerlings"
"2342","kutschaty"
"2343","jens-peter"
"2344","nettekoven"
"2345","nolten"
"2346","bovermann"
"2347","butschkau"
"2348","dahm"
"2349","düker"
"2350","engstfeld"
"2351","hans-willi"
"2352","körfges"
"2353","nic"
"2354","matthi"
"2355","bolte"
"2356","börner"
"2357","ganzke"
"2358","kämmerling"
"2359","keymis"
"2360","krückel"
"2361","lehne"
"2362","lenzen"
"2363","lück"
"2364","nadja"
"2365","lüders"
"2366","mangen"
"2367","müller-witt"
"2368","preu"
"2369","rehbaum"
"2370","voge"
"2371","watermeier"
"2372","wendland"
"2373","bianca"
"2374","winkelmann"
"2375","witzel"
"2376","laschet"
"2377","golland"
"2378","gebauer"
"2379","stamp"
"2380","dworeck-danielowski"
"2381","déus"
"2382","susana"
"2383","dos"
"2384","santos"
"2385","petelkau"
"2386","reuter"
"2387","watermann-krass"
"2388","boss"
"2389","brockes"
"2390","fortmeier"
"2391","kamieth"
"2392","kopp-herr"
"2393","hannelore"
"2394","kuper"
"2395","lürbke"
"2396","romina"
"2397","plonsker"
"2398","tritschler"
"2399","bell"
"2400","berghahn"
"2401","bialas"
"2402","blex"
"2403","deppe"
"2404","deutsch"
"2405","freynick"
"2406","gebhard"
"2407","hagemeier"
"2408","hammelrath"
"2409","hoppe-biermeyer"
"2410","jäger"
"2411","kirstin"
"2412","kossiski"
"2413","lutz"
"2414","lienenkämper"
"2415","löcker"
"2416","bodo"
"2417","löttgen"
"2418","josefine"
"2419","peill"
"2420","pretzell"
"2421","norwich"
"2422","rü"
"2423","schmeltzer"
"2424","schrumpf"
"2425","schultheis"
"2426","spanier-oppermann"
"2427","marlies"
"2428","stotz"
"2429","raphael"
"2430","tigges"
"2431","untrieser"
"2432","vincentz"
"2433","serdar"
"2434","beihl"
"2435","blask"
"2436","blöming"
"2437","blondin"
"2438","bongers"
"2439","brockmeier"
"2440","büteführ"
"2441","diekhoff"
"2442","gordan"
"2443","dudas"
"2444","göddertz"
"2445","goeken"
"2446","hannen"
"2447","haupt"
"2448","höne"
"2449","hübner"
"2450","kampmann"
"2451","kehrl"
"2452","keith-volkmer"
"2453","kerkhoff"
"2454","klenner"
"2455","korth"
"2456","langguth"
"2457","maelzer"
"2458","middeldorf"
"2459","neppe"
"2460","nückel"
"2461","panske"
"2462","ernst-wilhelm"
"2463","rahe"
"2464","christof"
"2465","rasche"
"2466","röckemann"
"2467","römer"
"2468","schlottmann"
"2469","schmitz"
"2470","schnelle"
"2471","andre"
"2472","stinka"
"2473","ellen"
"2474","stock"
"2475","strä"
"2476","strotebeck"
"2477","stullich"
"2478","sundermann"
"2479","terhaag"
"2480","troles"
"2481","voigt-küppers"
"2482","margret"
"2483","vo"
"2484","voussem"
"2485","walger-demolsky"
"2486","weng"
"2487","wermer"
"2488","bätzing-lichtenthäler"
"2489","gensch"
"2490","hedi"
"2491","thelen"
"2492","huth-haage"
"2493","herber"
"2494","köbler"
"2495","wansch"
"2496","helga"
"2497","lerch"
"2498","jaqueline"
"2499","rauschkolb"
"2500","rahm"
"2501","baldauf"
"2502","hartloff"
"2503","anklam-trapp"
"2504","brück"
"2505","denninghoff"
"2506","hartenfels"
"2507","rommelfanger"
"2508","wissing"
"2509","ahnen"
"2510","klinkel"
"2511","elfriede"
"2512","meurer"
"2513","schweitzer"
"2514","willius-senzer"
"2515","binz"
"2516","bublies-leifert"
"2517","fuhr"
"2518","gies"
"2519","gro"
"2520","henter"
"2521","hüttner"
"2522","giorgina"
"2523","kazungu-ha"
"2524","kohnle-gros"
"2525","lewentz"
"2526","licht"
"2527","steinbach"
"2528","ahnemüller"
"2529","beilstein"
"2530","blatzheim-roegler"
"2531","timo"
"2532","böhme"
"2533","bollinger"
"2534","hans-josef"
"2535","bracht"
"2536","demuth"
"2537","dötsch"
"2538","friedmann"
"2539","frisch"
"2540","haller"
"2541","höfer"
"2542","illing"
"2543","joa"
"2544","klomann"
"2545","köbberling"
"2546","lammert"
"2547","lefkowitz"
"2548","damian"
"2549","lohr"
"2550","machalet"
"2551","nieland"
"2552","noss"
"2553","rehak-nitsche"
"2554","reichert"
"2555","ruland"
"2556","ingeborg"
"2557","sahler-fesel"
"2558","schäffner"
"2559","scharfenberger"
"2560","schellhammer"
"2561","schneid"
"2562","spies"
"2563","teuber"
"2564","wäschenbach"
"2565","adolf"
"2566","weiland"
"2567","weiner"
"2568","weller"
"2569","steven"
"2570","wink"
"2571","zehfu"
"2572","aldag"
"2573","striegel"
"2574","späthe"
"2575","lars-jörn"
"2576","buchheim"
"2577","pähle"
"2578","bahlmann"
"2579","erben"
"2580","schindler"
"2581","steppuhn"
"2582","reiner"
"2583","haseloff"
"2584","tullner"
"2585","bommersbach"
"2586","borchert"
"2587","borgwardt"
"2588","diederichs"
"2589","gorr"
"2590","gürth"
"2591","kolze"
"2592","krull"
"2593","scheurell"
"2594","schröder"
"2595","chris"
"2596","schulenburg"
"2597","bönisch"
"2598","brakebusch"
"2599","lydia"
"2600","gallert"
"2601","harms"
"2602","heuer"
"2603","höse"
"2604","keindorf"
"2605","kohl"
"2606","poggenburg"
"2607","henriette"
"2608","quade"
"2609","radke"
"2610","sturm"
"2611","szarata"
"2612","angern"
"2613","farle"
"2614","frederking"
"2615","gebhardt"
"2616","gehlmann"
"2617","grube"
"2618","güssau"
"2619","hei"
"2620","doreen"
"2621","höppner"
"2622","hövelmann"
"2623","jantos"
"2624","knöchel"
"2625","kolb-janssen"
"2626","krause"
"2627","kurze"
"2628","lienau"
"2629","lieschke"
"2630","lippmann"
"2631","hannes"
"2632","loth"
"2633","lüddemann"
"2634","mittelstädt"
"2635","mormann"
"2636","olenicak"
"2637","raue"
"2638","rausch"
"2639","roi"
"2640","sauermann"
"2641","siegmund"
"2642","spiegelberg"
"2643","stahlknecht"
"2644","hans-thomas"
"2645","tillschneider"
"2646","zoschke"
"2647","rehlinger"
"2648","hecker"
"2649","heib"
"2650","pauluhn"
"2651","oskar"
"2652","lafontaine"
"2653","strobel"
"2654","baltes"
"2655","bouillon"
"2656","commerçon"
"2657","döring"
"2658","dörr"
"2659","eder-hippler"
"2660","ensch-engel"
"2661","flackus"
"2662","fretter"
"2663","funk"
"2664","georgi"
"2665","gillen"
"2666","heckmann"
"2667","holzner"
"2668","jost"
"2669","helma"
"2670","kuhn-theis"
"2671","lander"
"2672","mildau"
"2673","oberhausen"
"2674","isolde"
"2675","ries"
"2676","eugen"
"2677","schmitt-lang"
"2678","schnur"
"2679","schramm"
"2680","spaniol"
"2681","speicher"
"2682","alwin"
"2683","theobald"
"2684","thielen"
"2685","toscani"
"2686","zehner"
"2687","dulig"
"2688","valentin"
"2689","panter"
"2690","melcher"
"2691","klepsch"
"2692","gerber"
"2693","hanka"
"2694","kliese"
"2695","patt"
"2696","zschocke"
"2697","rico"
"2698","kumpf"
"2699","dombois"
"2700","kathleen"
"2701","kuhfu"
"2702","mann"
"2703","nagel"
"2704","pallas"
"2705","piwarz"
"2706","gemkow"
"2707","wolf-dietrich"
"2708","rost"
"2709","ivo"
"2710","teichmann"
"2711","dierks"
"2712","friedel"
"2713","flemming"
"2714","hösl"
"2715","köditz"
"2716","lang"
"2717","lupart"
"2718","antonia"
"2719","mertsching"
"2720","lucie"
"2721","hammecke"
"2722","löser"
"2723","nowak"
"2724","brünler"
"2725","buddeberg"
"2726","susan"
"2727","leithoff"
"2728","nicolaus"
"2729","jan-oliver"
"2730","zwerg"
"2731","beger"
"2732","cagalj"
"2733","sejdi"
"2734","dornau"
"2735","dringenberg"
"2736","feiks"
"2737","firmenich"
"2738","gahler"
"2739","gorskih"
"2740","hein"
"2741","homann"
"2742","wolfram"
"2743","keil"
"2744","keiler"
"2745","roberto"
"2746","kuhnert"
"2747","maicher"
"2748","neuhaus-wartenberg"
"2749","oberhoffner"
"2750","peschel"
"2751","rohwer"
"2752","rö"
"2753","schaper"
"2754","schaufel"
"2755","marko"
"2756","thumm"
"2757","georg-ludwig"
"2758","breitenbuch"
"2759","wähner"
"2760","wiesner"
"2761","wippel"
"2762","wöller"
"2763","gasse"
"2764","hippold"
"2765","hütter"
"2766","svend-gunnar"
"2767","kirmes"
"2768","kirste"
"2769","kuge"
"2770","kuppi"
"2771","liebscher"
"2772","löffler"
"2773","geert"
"2774","mackenroth"
"2775","markert"
"2776","aloysius"
"2777","mikwauschk"
"2778","modschiedler"
"2779","romy"
"2780","penz"
"2781","petzold"
"2782","prantl"
"2783","saborowski"
"2784","schenderlein"
"2785","mirko"
"2786","schultze"
"2787","schwietzer"
"2788","sodann"
"2789","marika"
"2790","tändler-walenta"
"2791","ulbrich"
"2792","voigt"
"2793","wissel"
"2794","zickler"
"2795","schaffer"
"2796","maria-elisabeth"
"2797","fritzen"
"2798","aminata"
"2799","touré"
"2800","eka"
"2801","kalben"
"2802","dunckel"
"2803","tietze"
"2804","hans-jörn"
"2805","arp"
"2806","fehrs"
"2807","annabell"
"2808","krämer"
"2809","nielsen"
"2810","petersdotter"
"2811","rathje-hoffmann"
"2812","brodehl"
"2813","eickhoff-weber"
"2814","habersaat"
"2815","stegner"
"2816","kalinka"
"2817","nobis"
"2818","dennys"
"2819","bornhöft"
"2820","kumbartzky"
"2821","hinrich"
"2822","neve"
"2823","jette"
"2824","waldinger-thiering"
"2825","dolgner"
"2826","lehnert"
"2827","sayn-wittgenstein"
"2828","callsen"
"2829","hamerich"
"2830","hölck"
"2831","klahn"
"2832","poersch"
"2833","marret"
"2834","bohn"
"2835","baasch"
"2836","claussen"
"2837","knöfler"
"2838","serpil"
"2839","midyatli"
"2840","göttsch"
"2841","herdejürgen"
"2842","ostmeier"
"2843","rossa"
"2844","schlie"
"2845","brockmann"
"2846","hansen"
"2847","holowaty"
"2848","kilian"
"2849","metzner"
"2850","ole-christopher"
"2851","plambeck"
"2852","raudies"
"2853","richert"
"2854","rother"
"2855","röttger"
"2856","schnurrbusch"
"2857","tschacher"
"2858","heide"
"2859","wagner-bockey"
"2860","knuth"
"2861","birte"
"2862","pauls"
"2863","rickers"
"2864","strehlau"
"2865","rothe-beinlich"
"2866","dittes"
"2867","saniye"
"2868","bergner"
"2869","aust"
"2870","kati"
"2871","engel"
"2872","raymond"
"2873","walk"
"2874","torben"
"2875","braga"
"2876","hey"
"2877","babett"
"2878","pfefferlein"
"2879","plötner"
"2880","wahl"
"2881","ramelow"
"2882","hennig-wellsow"
"2883","mohring"
"2884","höcke"
"2885","gottweiss"
"2886","robert-martin"
"2887","montag"
"2888","tasch"
"2889","emde"
"2890","hartung"
"2891","madeleine"
"2892","henfling"
"2893","heym"
"2894","kellner"
"2895","klisch"
"2896","könig-preuss"
"2897","marx"
"2898","mei"
"2899","mitteldorf"
"2900","schard"
"2901","taubert"
"2902","beier"
"2903","bilay"
"2904","blechschmidt"
"2905","cotta"
"2906","czuppon"
"2907","cordula"
"2908","eger"
"2909","frosch"
"2910","gleichmann"
"2911","birger"
"2912","gröning"
"2913","hande"
"2914","herrgott"
"2915","denny"
"2916","jankowski"
"2917","kalich"
"2918","kie"
"2919","tosca"
"2920","kniese"
"2921","thadäus"
"2922","korschewsky"
"2923","kowalleck"
"2924","laudenbach"
"2925","lauerwald"
"2926","lukasch"
"2927","lukin"
"2928","malsch"
"2929","maurer"
"2930","ringo"
"2931","mühlmann"
"2932","rudy"
"2933","schaft"
"2934","sesselmann"
"2935","karola"
"2936","stange"
"2937","thrum"
"2938","tiesler"
"2939","tischner"
"2940","urbach"
"2941","marit"
"2942","wagler"
"2943","weltzien"
"2944","henry"
"2945","worm"
"2946","zippel"
"2947","achim"
"2948","malu"
"2949","dreyer"
